class,shLA,elLA,shRA,elRA
Pose 1,23.01599205,170.5658341,25.90718499,175.1603618
Pose 1,22.60592839,169.5846512,24.85957082,174.4121684
Pose 1,22.42957068,169.0713274,24.44374084,174.0464137
Pose 1,22.25398133,168.6025843,24.1631691,173.877651
Pose 1,22.14755218,168.2666532,23.84795144,173.7215531
Pose 1,22.02502171,167.9988691,23.57238391,173.5325484
Pose 1,21.97779105,167.9218701,23.51426728,173.5339704
Pose 1,21.90935357,167.7713491,23.41989444,173.4894047
Pose 1,21.78863267,167.5629131,23.33790034,173.5247636
Pose 1,21.78706845,167.4248531,23.161832,173.5687605
Pose 1,21.71778443,167.2308941,23.05019277,173.5504134
Pose 1,21.67985681,167.1761822,23.03775061,173.5586138
Pose 1,21.69430847,167.0584139,22.96615722,173.5911538
Pose 1,21.71924815,166.9738814,22.93989288,173.6007372
Pose 1,21.65470541,166.8208449,22.86607433,173.6213523
Pose 1,21.64339052,166.7902775,22.81948285,173.5689662
Pose 1,21.6353095,166.7340628,22.80714314,173.5602875
Pose 1,21.55756351,166.6240202,22.78579593,173.5399073
Pose 1,21.58361617,166.561016,22.77629661,173.4731931
Pose 1,21.564123,166.5325979,22.78702955,173.4698381
Pose 1,21.56650021,166.5239337,22.75772794,173.3884216
Pose 1,21.56305461,166.4681643,22.75667225,173.438539
Pose 1,21.54492573,166.4656397,22.8039991,173.4069922
Pose 1,21.54510636,166.4841698,22.83690084,173.3772287
Pose 1,21.49972564,166.3656284,22.81100448,173.3036279
Pose 1,21.45338024,166.3440316,22.81447294,173.1153444
Pose 1,21.29406059,166.2612692,22.78003371,172.9139083
Pose 1,21.24791814,166.2897261,22.85370135,172.9165926
Pose 1,21.26982304,166.4371524,22.98345021,172.9984499
Pose 1,21.24927671,166.3814702,22.99517327,172.9908123
Pose 1,21.27887147,166.2248567,23.01650589,173.0124304
Pose 1,21.29176357,166.1010568,23.02528944,173.0139268
Pose 1,21.28333309,166.1255175,23.03731287,173.0796567
Pose 1,21.51194666,166.8140288,23.06390905,172.9486798
Pose 1,21.62353389,167.0536437,23.00979705,172.7906647
Pose 1,21.52904312,167.0768378,23.03071257,172.7863505
Pose 1,21.60474862,167.2174244,23.10002921,172.7739543
Pose 1,21.71088222,167.4726541,23.19452345,172.907506
Pose 1,21.65363947,167.3320798,23.22446339,172.8889185
Pose 1,21.62278267,167.3815055,23.22473404,172.9757571
Pose 1,21.65167992,167.3474215,23.2877205,173.1447764
Pose 1,21.64739624,167.2854578,23.3044168,173.1257311
Pose 1,21.59775905,167.1702543,23.34031734,173.1013454
Pose 1,21.53842595,167.0211756,23.41921046,173.0408273
Pose 1,21.59674085,167.0198849,23.40011807,172.9902299
Pose 1,21.59681321,166.8424625,23.45225964,172.9576979
Pose 1,21.58630205,166.7715431,23.45536955,172.9719956
Pose 1,21.59407956,166.7267782,23.50621096,173.0007156
Pose 1,21.58291935,166.6839567,23.53808498,172.9988758
Pose 1,21.55912478,166.5182327,23.57094577,173.029399
Pose 1,21.60580139,166.4751274,23.57072612,172.9882088
Pose 1,21.5871096,166.421104,23.56592789,172.9626301
Pose 1,21.57025556,166.405147,23.55045602,172.8022671
Pose 1,21.5625217,166.4191952,23.54408108,172.803201
Pose 1,21.64069413,166.5066442,23.55399941,172.777644
Pose 1,21.62877694,166.4870745,23.55469987,172.7442087
Pose 1,21.63672575,166.4781945,23.5552619,172.8410218
Pose 1,21.57966727,166.4745855,23.53849228,172.7732979
Pose 1,21.5572882,166.4420971,23.57759862,172.747247
Pose 1,21.6149725,166.5482834,23.58327451,172.7193005
Pose 1,21.60447476,166.5176712,23.5759291,172.7351994
Pose 1,21.53897121,166.4800199,23.57639583,172.5975312
Pose 1,21.50021348,166.4546371,23.56585332,172.5540496
Pose 1,21.5140768,166.5011673,23.52810156,172.5255404
Pose 1,21.49937388,166.4809304,23.49046362,172.4745755
Pose 1,21.48059668,166.4590789,23.50268149,172.5398005
Pose 1,21.46696893,166.4509535,23.51079503,172.5849117
Pose 1,21.47254929,166.4669597,23.5273508,172.6928219
Pose 1,21.44418777,166.3340638,23.49850714,172.7461847
Pose 1,21.42036475,166.2827217,23.48706418,172.785237
Pose 1,21.38394902,166.4134167,23.47276209,173.1422097
Pose 1,21.35829075,166.5534573,23.47202166,173.5860474
Pose 1,21.24690105,166.5990151,23.33072537,173.8412677
Pose 1,21.1231184,166.6774538,22.9851107,174.4396731
Pose 1,21.02918654,166.7034965,22.77313299,174.6581234
Pose 1,20.92751973,166.6692213,22.01461377,174.4955013
Pose 1,20.87107595,166.697594,21.3204236,174.8461951
Pose 1,20.75317808,166.8153023,20.09600126,175.0162046
Pose 1,20.68451162,166.7772535,19.44732762,174.7955787
Pose 1,20.63625718,166.8048349,19.20263717,174.9732671
Pose 1,20.58701469,166.7418384,19.0216317,175.0005385
Pose 1,20.57474819,166.7696408,18.9244604,174.9662316
Pose 1,20.53495027,166.7635492,18.97562208,174.6525267
Pose 1,20.50016525,166.7580716,18.98862661,174.4136877
Pose 1,20.44712991,166.7271048,19.04456295,174.3528099
Pose 1,20.37889316,166.6457547,19.0505969,174.2046128
Pose 1,20.37572116,166.6243695,19.08824593,174.1658421
Pose 1,20.3771778,166.6533977,19.1233387,174.1253491
Pose 1,20.33474703,166.6672942,19.27144475,173.9762533
Pose 1,20.29019683,166.6650317,20.14122683,172.9530173
Pose 1,20.20431937,166.5686374,20.7350192,172.9351446
Pose 1,20.21341829,166.5662014,21.09157365,172.736326
Pose 1,20.21209231,166.5528155,21.47617541,172.8955237
Pose 1,20.2090393,166.6313538,21.73058647,172.9749302
Pose 1,20.17826657,166.5651295,22.03619282,173.3224507
Pose 1,20.1812156,166.560361,22.17090859,173.2883321
Pose 1,20.21192604,166.4852713,22.2351663,173.1957947
Pose 1,20.16376147,166.3478968,22.39951929,172.3803778
Pose 1,20.20354114,166.3504238,22.56963022,171.9526949
Pose 1,20.20509363,166.2764864,22.78749274,171.7779686
Pose 1,20.1926519,166.1999292,22.87730937,171.4282928
Pose 1,20.18124953,166.1712944,23.01242777,171.3740035
Pose 1,20.16865512,166.1451631,23.10376195,171.2808748
Pose 1,19.99264143,165.540594,23.15592821,170.8702612
Pose 1,19.81848069,164.9392191,23.19125111,170.6414981
Pose 1,19.74379852,164.6714449,23.28349908,170.7642496
Pose 1,19.68726139,164.3569503,23.42620776,171.0030776
Pose 1,19.60159109,164.0991955,23.50059364,171.0274971
Pose 1,19.5787448,163.9060754,23.494785,170.9760657
Pose 1,19.62780487,163.6782211,23.72764255,171.3100812
Pose 1,19.66099907,163.5146458,23.91986787,171.4397502
Pose 1,19.54610161,163.1439738,24.0060731,171.4269727
Pose 1,19.48067461,162.8799885,24.11791368,171.4984147
Pose 1,19.49101268,162.715478,24.2748549,171.3146837
Pose 1,19.36590467,162.3022961,24.354207,171.3388079
Pose 1,19.27908689,161.8347694,24.41670636,171.5142945
Pose 1,19.28541984,161.6811392,24.49476195,171.6360934
Pose 1,19.27878283,161.5845386,24.73197465,171.6924995
Pose 1,19.26982345,161.5570215,24.92637982,171.8985367
Pose 1,19.26169593,161.4808014,25.08988627,172.0718727
Pose 1,19.28387667,161.224733,25.11351193,172.1043802
Pose 1,19.22731849,160.9219641,25.16528345,172.1232972
Pose 1,19.20138811,160.7652828,25.17971731,172.0978392
Pose 1,19.16885248,160.6312122,25.19945041,172.1575266
Pose 1,19.11813659,160.4820699,25.26302737,172.1852
Pose 1,19.03986542,160.3763474,25.2717359,172.1201528
Pose 1,19.02247887,160.3293219,25.33870162,171.779758
Pose 1,18.92418982,160.2531995,25.40331494,171.8651335
Pose 1,18.91265923,160.4127504,25.40760743,171.8195486
Pose 1,18.9615606,160.4528049,25.3857287,171.7323773
Pose 1,19.01250177,160.549817,25.31276208,171.6506045
Pose 1,19.04936251,160.5819148,25.24493434,171.5013975
Pose 1,19.07427912,160.5516609,25.18467098,171.3717606
Pose 1,19.0904795,160.5628618,25.17647701,171.3399541
Pose 1,19.15211447,160.7530969,25.18017371,171.3676568
Pose 1,19.15970921,160.8801053,25.20242292,171.4980038
Pose 1,19.23936283,161.2137427,25.15771973,171.649473
Pose 1,19.34475663,161.479745,25.19437007,171.7587947
Pose 1,19.40800863,161.7858832,25.02636381,171.558229
Pose 1,19.50588077,162.0021465,24.61469448,171.235667
Pose 1,19.56208781,162.1143742,24.23642158,170.999523
Pose 1,19.67364086,162.393339,23.89763401,170.6552663
Pose 1,19.95001611,162.810512,23.40582624,170.3021304
Pose 1,20.45411752,163.621306,22.45102549,169.244362
Pose 1,20.77494965,164.117246,21.98847125,168.6887327
Pose 1,21.03107038,164.2847386,21.56104454,168.1883935
Pose 1,21.31503503,164.6379804,21.22706458,167.8835224
Pose 1,21.55071318,164.8083732,21.11778071,167.8656238
Pose 1,21.82587832,164.8264123,20.58530388,167.2972256
Pose 1,22.11930914,165.0506837,19.90757612,166.9681044
Pose 1,22.34748666,165.0556248,19.55800152,166.2900004
Pose 1,22.49026155,165.0827247,19.39725013,165.9154249
Pose 1,22.4883972,165.1272766,19.40714316,165.6437543
Pose 1,22.50892639,165.1763146,19.31828451,165.4685014
Pose 1,22.51578135,165.178078,19.19301618,165.4141387
Pose 1,22.52158042,165.1835109,19.2293458,165.4581529
Pose 1,22.51075067,165.1608669,19.27109139,165.5111238
Pose 1,22.3115242,165.0833857,19.65673244,166.1816043
Pose 1,22.15020996,164.8305789,19.89910512,165.8955484
Pose 1,22.04189944,164.6611984,20.0759776,165.8074697
Pose 1,21.91062215,164.4240558,20.4229246,166.2024072
Pose 1,21.76135476,164.282351,20.59439806,166.477419
Pose 1,21.52198461,164.0835345,20.98424453,166.1185286
Pose 1,21.41650902,164.2874789,21.31659229,165.9128
Pose 1,21.31020113,164.2954051,21.70267076,166.1489458
Pose 1,21.26949815,164.2164555,21.92591704,166.4067303
Pose 1,21.21395643,164.0080346,22.04518165,166.6597403
Pose 1,21.17711125,163.8596934,22.11565294,166.8574469
Pose 1,20.87064993,163.4262335,22.60946904,167.208358
Pose 1,21.00064637,163.397897,23.23872233,167.5770459
Pose 1,21.81052923,164.1611394,24.13816691,168.3580768
Pose 1,22.45980777,164.2706332,24.81796782,168.7698822
Pose 1,24.31088128,166.54977,25.11496786,168.4063755
Pose 1,26.03917993,167.9687815,25.32838956,168.3271148
Pose 1,25.77220795,167.4567099,25.25144448,168.0007404
Pose 1,26.42084293,167.4579639,25.32451543,168.2816461
Pose 1,29.46452016,164.6843019,26.14976784,172.1379446
Pose 1,30.69868129,164.9312846,27.03971021,172.3832719
Pose 1,30.83218749,165.2384552,27.75568046,173.4968634
Pose 1,31.38399069,165.6134821,28.31460833,175.252228
Pose 1,31.61023491,166.8895169,27.81731094,175.1239225
Pose 1,31.37099904,166.461879,28.00868457,176.4663914
Pose 1,30.4814898,165.1251892,27.54966972,175.6422349
Pose 1,30.13444076,164.0813175,27.52274645,174.7088161
Pose 1,26.80541287,160.6854048,26.71701985,176.0952015
Pose 1,25.09011665,160.277673,26.90521722,176.6006809
Pose 1,23.64956439,159.5715695,26.98541707,177.5303806
Pose 1,22.78289067,159.3907908,26.75481289,178.139623
Pose 1,22.59200924,159.5803911,26.50203898,177.773745
Pose 1,22.99961533,160.1955541,26.55521381,178.3310592
Pose 2,133.0482486,163.9113286,24.77326567,172.9871387
Pose 2,131.5182019,161.5495232,24.79284577,172.6718172
Pose 2,130.9835992,160.7526031,24.80431537,172.6477058
Pose 2,130.8682897,160.5002407,24.77292284,172.6550696
Pose 2,130.6469871,160.1787568,24.72198092,172.6836483
Pose 2,130.5388897,159.9950392,24.71503716,172.7640138
Pose 2,130.4647546,159.8604738,24.71099802,172.9365849
Pose 2,130.3254844,159.5109098,24.64561767,172.9256654
Pose 2,130.3041388,159.3178499,24.63029453,172.928435
Pose 2,130.398098,159.3197268,24.56611029,172.8197718
Pose 2,130.393282,159.2219639,24.51111131,172.8379854
Pose 2,130.484436,159.3564766,24.459042,172.7910152
Pose 2,130.5556798,159.4736452,24.37685091,172.6403865
Pose 2,130.7245766,159.6759645,24.32193828,172.3702282
Pose 2,130.7625308,159.733453,24.41257216,172.3840707
Pose 2,130.8707603,159.9740542,24.42930383,172.3267599
Pose 2,130.9588573,160.1363325,24.4696062,172.3726144
Pose 2,130.9680453,160.11548,24.55996786,172.3293863
Pose 2,130.9485087,160.0790804,24.61200162,172.3978039
Pose 2,130.7999019,159.9112927,24.64149476,172.49817
Pose 2,130.861271,159.981949,24.65964634,172.4612794
Pose 2,130.7908773,159.9127642,24.60334786,172.265767
Pose 2,130.6532766,159.7019519,24.64506258,172.3551212
Pose 2,130.511016,159.4614029,24.65367164,172.2641313
Pose 2,130.4016442,159.3018451,24.7907573,172.3200311
Pose 2,130.273524,159.1588133,24.86519785,172.3444291
Pose 2,130.0172588,158.6099559,24.9377023,172.4502608
Pose 2,129.9815328,158.6509566,24.9746284,172.4693553
Pose 2,129.8415322,158.2899577,25.01380473,172.5294028
Pose 2,129.7082458,158.2004929,25.03510433,172.541284
Pose 2,129.647686,158.1027546,25.10503742,172.6186026
Pose 2,129.6313975,158.2171739,25.16352118,172.803008
Pose 2,129.4849856,158.0815516,25.16602372,172.8561774
Pose 2,129.5623632,158.3601777,25.17443833,172.9373024
Pose 2,129.4303251,158.6282359,25.30441887,172.8405025
Pose 2,129.2109704,158.6471598,25.33206038,172.6788586
Pose 2,128.8904123,158.3513082,25.37962323,172.5814815
Pose 2,128.8252736,158.2864725,25.46457907,172.5557726
Pose 2,128.762413,158.2419316,25.46451312,172.4238518
Pose 2,128.7038732,158.1302596,25.72096425,172.0322406
Pose 2,128.8424163,158.4125044,25.66823633,171.7845865
Pose 2,128.8951014,158.4585395,25.69058697,171.629548
Pose 2,128.9371377,158.4906049,25.71108877,171.5588823
Pose 2,128.9827239,158.5545668,25.72567314,171.6402781
Pose 2,129.0377274,158.6244666,25.69296124,171.6688839
Pose 2,128.9956634,158.6087302,25.65842829,171.6805132
Pose 2,129.0333539,158.7612653,25.64044882,171.7857543
Pose 2,129.0524787,158.7761015,25.63250591,171.7949947
Pose 2,129.0911911,158.8582234,25.63618048,171.8148972
Pose 2,129.0256714,158.8645657,25.64537887,171.8446545
Pose 2,128.9760172,158.8269179,25.65123275,171.7723909
Pose 2,128.7420605,158.579293,25.71734429,171.7804938
Pose 2,128.6436218,158.4467304,25.74167962,171.7702761
Pose 2,128.4505964,158.151233,25.76109449,172.0483133
Pose 2,128.3130027,157.9855181,25.76744302,172.310421
Pose 2,128.3050256,157.931607,25.75441243,172.3978172
Pose 2,128.3292862,157.9133947,25.74292101,172.4629185
Pose 2,128.2976911,157.7807745,25.74586188,172.4839337
Pose 2,128.2705317,157.721654,25.62112943,172.8210097
Pose 2,128.1575028,157.7035685,25.60958304,173.2100745
Pose 2,128.1005043,157.6580529,25.62054427,173.4357648
Pose 2,128.0464828,157.5981652,25.52463611,173.3904105
Pose 2,128.0001853,157.5152865,25.58731099,173.2936512
Pose 2,127.9156337,157.3821032,25.61425042,173.2385434
Pose 2,127.8933317,157.363691,25.65589569,173.2724282
Pose 2,127.7902535,157.2415521,25.68798524,173.3286563
Pose 2,127.7995718,157.1906509,25.70379832,173.2424382
Pose 2,127.7934297,157.0900357,25.66998231,173.2513077
Pose 2,127.7953616,157.0478701,25.67027883,173.3070918
Pose 2,127.7409843,156.9669596,25.58293721,173.2975165
Pose 2,127.6715817,156.8274773,25.54458317,173.2042653
Pose 2,127.3958369,156.4462923,25.55966717,173.2226343
Pose 2,127.3165633,156.2027401,25.54848331,173.2542565
Pose 2,127.2855106,156.1655962,25.52084619,173.2540103
Pose 2,127.273014,156.1255606,25.50798466,173.2408836
Pose 2,127.2861324,156.1407539,25.51626477,173.2036396
Pose 2,127.2802957,156.1207617,25.49769327,173.2357862
Pose 2,127.3111675,156.1820582,25.46904253,173.2290688
Pose 2,127.2265211,156.0520456,25.41589379,173.2206979
Pose 2,127.2924939,156.118059,25.42252775,173.2531519
Pose 2,127.3734709,156.1634429,25.40650156,173.2638445
Pose 2,127.4168602,156.218804,25.40625657,173.379331
Pose 2,127.3974215,156.1575294,25.38938152,173.3894866
Pose 2,127.3487003,156.0703639,25.37449128,173.4809131
Pose 2,127.3196611,156.0467877,25.37805731,173.5175536
Pose 2,127.3116198,156.0527423,25.35652987,173.4455009
Pose 2,127.3111016,156.065467,25.34973029,173.3256382
Pose 2,127.2497353,156.0280858,25.33081936,173.3374088
Pose 2,127.2419935,156.057387,25.41643543,173.4701746
Pose 2,127.2434809,156.0611408,25.41129355,173.3153393
Pose 2,127.2526966,156.0931492,25.4444203,173.2864903
Pose 2,127.1889538,156.0406673,25.45622363,172.8980967
Pose 2,127.1723133,155.9765826,25.45378439,172.796565
Pose 2,127.1043472,155.9078178,25.50582198,172.7592058
Pose 2,126.997385,155.8505887,25.50279724,172.6897679
Pose 2,127.0508499,155.9308782,25.50060421,172.6787465
Pose 2,126.9784102,155.8435818,25.55098998,172.6505195
Pose 2,126.9702901,155.8711441,25.59760343,172.529174
Pose 2,127.013354,155.8515383,25.63734981,172.5745094
Pose 2,127.1189185,155.9135787,25.65841827,172.6243954
Pose 2,127.1521923,155.9900005,25.69102205,172.639005
Pose 2,127.0863917,155.978339,25.70950687,172.6528232
Pose 2,126.936884,155.8433359,25.72391975,172.691819
Pose 2,126.5164916,155.3060346,25.75480202,172.615607
Pose 2,126.3391143,155.1991132,25.81540135,172.3203345
Pose 2,126.1970664,155.3666736,25.99810804,172.2305265
Pose 2,126.0904198,155.643943,26.26514785,172.0710928
Pose 2,125.8466205,155.6123962,26.49809564,171.8080675
Pose 2,125.4570767,155.3902458,26.74789343,171.5128054
Pose 2,124.8407291,155.0984913,27.51611798,171.5989523
Pose 2,124.3117789,155.1407988,28.75477608,172.9370583
Pose 2,124.0133272,155.0960101,29.25694664,173.4710697
Pose 2,123.7033018,155.0929781,29.5717119,173.7201862
Pose 2,123.5511681,155.3435829,29.62470247,173.7376607
Pose 2,122.960137,155.5033305,30.3019061,174.5851513
Pose 2,122.3202884,155.7920582,30.3827625,175.0422478
Pose 2,121.3542949,154.9860272,30.32355976,175.2255246
Pose 2,121.3469923,155.1589784,30.44795291,175.7994177
Pose 2,121.1792178,155.2482491,30.49428735,175.628052
Pose 2,121.1097653,155.2057275,30.50975933,175.5353845
Pose 2,121.3926983,155.747999,30.54844986,175.6342139
Pose 2,121.2258233,155.6246207,30.42954424,174.0114641
Pose 2,120.9032097,155.0784208,30.4068133,173.5027902
Pose 2,120.9188139,155.0456308,30.44479509,172.7191276
Pose 2,120.0048013,153.5710598,30.59097824,172.0770443
Pose 2,119.0493053,151.9755139,30.60851308,171.5551503
Pose 2,118.579595,151.151752,30.61270631,171.3066115
Pose 2,118.490597,150.6438236,30.691026,170.9343129
Pose 2,116.5636665,148.5627465,30.71595171,170.6642889
Pose 2,114.5296074,146.5957334,30.63110668,170.5848083
Pose 2,112.5698881,144.9997352,30.43876515,170.2010798
Pose 2,110.7295318,143.4930405,30.20623282,169.6870706
Pose 2,109.5236959,142.3534146,30.08868988,169.4379305
Pose 2,107.4441302,140.3419724,29.65967275,169.8761025
Pose 2,104.3886124,137.9511273,29.15659393,170.3848812
Pose 2,103.4153478,137.9285807,28.75341809,170.9259928
Pose 2,101.0352184,135.2263333,28.43592405,171.2660117
Pose 2,99.46912253,133.4561241,28.20137705,171.4973925
Pose 2,97.620584,131.2162821,27.9505187,171.8238909
Pose 2,95.23267102,129.1651699,27.69117749,171.5905037
Pose 2,94.39868214,129.0652331,27.58862484,171.9472313
Pose 2,93.94357606,128.5898242,27.33815138,171.8490146
Pose 2,94.65578413,128.8672715,27.09697396,172.6380471
Pose 2,94.97037868,128.7700488,26.91172983,173.0361555
Pose 2,96.354287,130.0318559,26.82079115,173.4263837
Pose 2,99.12004977,133.2067465,26.68528266,173.7042404
Pose 2,101.1953576,133.694029,26.65294201,174.3105547
Pose 2,103.6115475,134.4470725,26.63215107,174.9175234
Pose 2,105.944476,135.6256982,26.61282079,175.421719
Pose 2,112.4399928,139.8385092,26.54753235,175.6905665
Pose 2,114.876594,142.2147512,26.4139485,176.0187159
Pose 2,115.6507682,143.1241456,26.24451263,175.7559243
Pose 2,117.0774361,143.6756433,26.03131659,175.5914435
Pose 2,118.0884764,144.4958114,26.03235111,175.6884984
Pose 2,120.7831417,146.6379012,25.84701882,175.3019863
Pose 2,121.238641,146.6953737,25.68459718,174.9310885
Pose 2,121.246625,146.6370993,25.66134177,174.7592695
Pose 2,121.5659362,147.0842942,25.66822365,174.3951543
Pose 2,121.8640213,147.4480484,25.78714311,174.3019983
Pose 2,122.0940452,147.7959533,25.88555749,173.8166899
Pose 2,123.4496311,149.5613429,26.90689885,174.2936051
Pose 2,124.5594984,150.8526407,27.53176815,174.4464975
Pose 2,125.1732544,151.4738027,28.05826634,174.367227
Pose 2,125.4037213,151.6694819,28.41515112,174.1658955
Pose 2,125.4631995,151.6503791,28.65253876,174.3036642
Pose 2,125.727785,151.9630374,28.75020478,174.2246119
Pose 2,125.4965738,151.6775426,28.91800421,174.6540776
Pose 2,124.7001461,150.767994,28.86242622,174.7413639
Pose 2,123.0336529,148.905324,28.93642555,174.911198
Pose 2,116.9109479,140.8024621,28.92418757,174.9302122
Pose 2,108.3823488,128.8407133,28.7765215,175.1254771
Pose 2,95.59455474,112.4533013,28.61273729,175.5546269
Pose 3,107.7671717,162.6945188,44.07805969,137.4650051
Pose 3,107.3806405,163.3153363,44.19818427,137.9707611
Pose 3,107.0612506,164.2126558,44.20769877,138.4567459
Pose 3,106.9468934,165.0940805,44.34965819,138.9211214
Pose 3,106.6693919,165.3902954,44.4243515,139.3543694
Pose 3,106.1956223,164.9032961,44.46736828,139.4823288
Pose 3,105.925045,164.7192134,44.57810024,139.5815593
Pose 3,105.9666894,164.9728154,44.77489158,139.1576158
Pose 3,106.0182162,165.1302334,44.84433632,138.7818982
Pose 3,106.1104646,165.1388827,44.90071276,137.9839484
Pose 3,106.1703388,165.4184867,45.32070541,137.2263581
Pose 3,106.2795969,165.6782087,45.61802607,136.9282725
Pose 3,106.3471325,165.7867485,45.97211422,136.8998643
Pose 3,106.4318351,165.7624837,46.39139072,137.2594914
Pose 3,106.4984813,165.8215483,46.84120828,137.8277567
Pose 3,106.6956329,165.9416125,47.5431491,138.6974073
Pose 3,106.6388997,165.7202998,47.83578819,138.8231159
Pose 3,106.3650663,165.3002403,47.98911721,139.111755
Pose 3,105.8072989,164.7163613,48.22340418,138.038763
Pose 3,104.5623475,163.6037329,48.49281092,136.0012171
Pose 3,103.2070058,162.923928,49.15394551,135.2867042
Pose 3,100.523889,161.5765414,50.74080289,132.3704071
Pose 3,98.79676324,160.4806388,51.7027995,127.6656614
Pose 3,98.16904727,160.0335731,52.16015087,126.8746395
Pose 3,97.533747,159.4548294,52.51599365,128.6653067
Pose 3,97.61328673,160.6879552,52.9902941,128.6189291
Pose 3,97.7331032,161.8455393,53.30259101,128.5934798
Pose 3,97.60954676,162.0690757,53.63182096,126.98531
Pose 3,97.0445884,162.3461625,55.29835318,128.3874651
Pose 3,96.9786901,162.4678231,56.00171772,128.3512667
Pose 3,96.82818658,162.2705248,56.09388584,127.585388
Pose 3,96.7364584,162.0798203,56.20540152,127.3363209
Pose 3,97.05635516,162.3362175,56.39089314,128.5367794
Pose 3,97.18476683,161.8331423,56.3123317,128.8762146
Pose 3,97.59898656,161.1635442,55.73533988,128.4360292
Pose 3,98.22458219,160.2285402,55.24849366,128.3687866
Pose 3,98.74152999,157.0858097,53.11811275,129.6863582
Pose 3,99.1183634,155.2184348,51.29830736,129.7594561
Pose 3,99.29241141,154.3911834,50.23337957,129.0828883
Pose 3,99.74805478,154.1236276,49.89452309,130.9358264
Pose 3,99.63341075,153.8971501,48.27955618,138.2555796
Pose 3,99.56151948,153.7801118,46.77876233,139.0771409
Pose 3,99.56734692,153.8571034,45.6979151,138.2589761
Pose 3,99.19511922,153.9774789,44.58249072,138.5177793
Pose 3,98.93523297,154.3833468,43.9740029,137.6583363
Pose 3,98.33630165,154.544465,43.86230127,135.9699551
Pose 3,97.69420082,155.3808138,43.94890634,135.9955727
Pose 3,96.66305948,156.0292448,44.13198376,135.7567689
Pose 3,95.31987893,155.8481365,44.20707409,135.5700516
Pose 3,94.02527369,156.7938253,44.25746459,132.457889
Pose 3,91.01757798,156.144645,44.56636002,130.1062718
Pose 3,89.62305977,156.3366185,44.60634863,129.4216935
Pose 3,88.00742816,154.9591161,44.81683972,127.832576
Pose 3,86.43529582,153.7089287,45.00452177,127.1103533
Pose 3,85.5238387,152.5073149,45.06382677,127.5704192
Pose 3,85.33343005,152.789801,45.18624515,127.4824259
Pose 3,84.95114687,152.2969147,45.19240562,127.2771049
Pose 3,85.46762333,151.9226204,45.36653741,127.2414264
Pose 3,86.90341524,153.7085286,45.50670672,127.2597613
Pose 3,89.19828448,156.591858,45.73360758,127.5705762
Pose 3,90.96173529,158.3741156,45.91061675,127.9636058
Pose 3,92.58831307,159.0953825,45.95716858,128.1832476
Pose 3,93.85925027,159.5495113,45.67187465,128.8880596
Pose 3,94.37623799,158.8187025,45.59108342,129.3325302
Pose 3,94.92667776,159.0323956,45.58374218,129.9479854
Pose 3,95.35083405,158.1576964,45.19899348,131.3251141
Pose 3,95.55272054,157.6043716,44.91163627,131.9884669
Pose 3,95.82422809,157.4502747,44.74562225,132.1961071
Pose 3,96.14439649,157.6304835,44.72471302,132.2600196
Pose 3,96.27268569,157.0760545,44.723717,132.3208802
Pose 3,97.21590886,155.7946997,44.80204813,132.400537
Pose 3,98.07286834,155.4744583,44.76694368,132.364909
Pose 3,99.70473446,155.4713502,44.92022798,132.7318586
Pose 3,100.3420371,155.4949363,44.98356346,132.8558501
Pose 3,101.4015591,155.9265505,45.19828928,133.1608928
Pose 3,102.8066053,156.6241561,45.40294774,133.459481
Pose 3,104.5598695,157.3294192,45.64858925,133.7058179
Pose 3,106.2303017,157.6218571,45.91460489,134.2767422
Pose 3,109.276226,156.9395789,46.05349499,134.3920721
Pose 3,110.8647282,156.4852812,46.011149,134.3396249
Pose 3,112.3995402,155.9246357,45.81308258,133.9874702
Pose 3,113.161006,156.3746963,45.67592293,133.2731463
Pose 3,113.725509,156.590159,45.55803896,132.970831
Pose 3,114.5833118,156.7644957,45.37158851,132.6114675
Pose 3,115.182548,156.1951708,45.29233913,132.2006902
Pose 3,118.4343114,156.3793498,45.31224704,132.0782781
Pose 3,119.1374466,156.5658967,45.2823276,132.0432875
Pose 3,119.4351854,156.8063563,45.26178919,131.9790895
Pose 3,120.1853962,157.0160596,45.33230757,132.0096467
Pose 3,120.1647154,156.7349203,45.32029769,131.9024518
Pose 3,119.8092179,157.3027682,45.4739478,132.0555891
Pose 3,119.4943306,157.3031855,45.51043085,132.1180187
Pose 3,118.1113802,156.2533702,45.6424847,132.2963487
Pose 3,116.0623354,156.5627193,45.78592311,132.6215394
Pose 3,113.6562976,156.707724,46.1819987,133.2146918
Pose 3,111.2418482,156.3285987,46.35036389,133.6654687
Pose 3,108.6639139,156.8023494,46.70469746,134.1751551
Pose 3,106.2965078,156.9657864,47.00665169,134.753648
Pose 3,99.9487668,154.5523491,47.13090109,133.8743311
Pose 3,97.51055634,152.761207,47.38440789,132.7153183
Pose 3,95.87999052,153.0468182,47.58217748,131.6016538
Pose 3,94.50822834,153.6270809,48.06502247,130.3910891
Pose 3,92.98839869,153.1147215,48.48771964,130.6127178
Pose 3,91.477105,152.6243765,48.86096136,130.4030872
Pose 3,90.39921739,153.3944451,49.10631591,130.3125904
Pose 3,84.5839214,152.8571355,49.83277015,127.8147318
Pose 3,82.69769302,152.3398276,50.45296902,126.5441322
Pose 3,81.96931483,152.6565452,50.99177584,126.8472978
Pose 3,81.34679793,153.3142266,51.6429716,127.99945
Pose 3,80.83161998,154.0043051,52.26460927,129.0905704
Pose 3,80.46451814,155.042931,52.85595315,129.5256135
Pose 3,80.14635329,155.9819704,53.99623552,130.2156349
Pose 3,79.14614588,158.0205596,55.64086024,132.0605274
Pose 3,78.92425289,158.9442838,56.86675983,133.1135813
Pose 3,78.70018573,158.2504327,58.14610169,135.4933637
Pose 3,78.55794712,158.1409874,59.63944371,134.6326602
Pose 3,77.95428036,156.9983798,60.40429544,135.0731444
Pose 3,77.16392434,156.510445,61.18806074,136.3860461
Pose 3,76.04003526,156.6640682,62.14039382,138.0081543
Pose 3,75.70508483,157.3024236,62.68740123,137.4148299
Pose 3,74.42704786,157.5787138,64.39738654,136.3669292
Pose 3,73.60475895,157.5207852,65.15123328,135.3058945
Pose 3,73.38504909,157.294907,65.97899293,135.0200152
Pose 3,73.13311389,156.5751726,66.2100259,134.9907825
Pose 3,73.34306124,156.9079647,66.49571305,134.3850081
Pose 3,73.34740796,156.3638519,66.37830583,133.624543
Pose 3,73.5735683,156.5906047,65.82789481,131.8038169
Pose 3,73.93778156,156.1795393,65.20775081,130.315021
Pose 3,74.38491416,155.1956301,64.53533021,128.6528187
Pose 3,75.09188458,153.9865719,63.54429791,126.7642782
Pose 3,76.15633931,152.8990204,62.43163726,124.5134228
Pose 3,77.57030049,152.3052189,62.23833699,124.0151811
Pose 3,79.63640087,153.2557015,61.70940381,122.8156224
Pose 3,83.48641161,153.1335774,61.36039218,121.9663434
Pose 3,85.6980726,154.0745632,61.40361658,121.3815477
Pose 3,86.93887465,154.6739574,60.8520224,119.6667009
Pose 3,87.5765725,154.9959209,60.70321707,119.0220037
Pose 3,88.567306,156.0219095,60.26491947,117.7021283
Pose 3,88.63452881,155.6522534,59.99289425,116.0707097
Pose 3,89.38823549,156.1271794,59.74598029,114.7935941
Pose 3,91.88406285,158.3362762,58.28453503,111.9801813
Pose 3,93.06733647,158.660269,57.44320536,110.3364906
Pose 3,94.33901664,160.2174808,56.72934183,110.1218425
Pose 3,94.74299401,159.6778725,56.21723175,109.578341
Pose 3,95.27952539,160.0162126,55.55417348,109.5238533
Pose 3,96.29744296,160.4631392,54.98247041,110.0023588
Pose 3,96.30666528,159.2528014,54.53414587,109.903711
Pose 3,97.42701491,159.1289979,53.46727274,109.9309525
Pose 3,97.91766047,159.3370412,52.79783319,109.5803609
Pose 3,97.95839178,159.5637167,52.37627331,110.7067733
Pose 3,98.18834931,159.6550797,52.13677491,110.4682881
Pose 3,98.40805111,159.7126629,51.93136069,110.0295185
Pose 3,98.59003981,160.0202538,51.71211305,109.3306663
Pose 3,98.85786982,160.2508079,51.38669312,108.7999057
Pose 3,99.10071456,161.0371957,51.31453402,108.5559879
Pose 3,99.34977319,161.4001175,51.25310335,108.5391607
Pose 3,99.43105141,161.5269237,51.20912884,108.5172811
Pose 3,99.48676658,161.5634134,51.0032611,108.1575433
Pose 3,99.57265642,161.7347578,50.98435089,108.1415659
Pose 3,99.70751192,161.8636369,50.99661279,108.074319
Pose 3,99.67503367,161.777685,51.04279243,107.915889
Pose 3,99.64608665,161.7724508,51.03328705,107.7933549
Pose 3,99.70762587,162.1485044,51.11303596,107.8606833
Pose 3,99.52088646,162.0846719,51.13651277,107.6758448
Pose 3,99.40223362,162.0095622,51.15696209,107.5541659
Pose 3,99.01136557,161.7258214,51.16554785,107.5640369
Pose 3,98.32254189,160.8336124,51.19949082,107.6098774
Pose 3,97.8257753,160.2599507,51.23860242,107.7032201
Pose 3,97.05287854,159.0162429,51.42289826,107.9047766
Pose 3,96.27327051,157.778441,51.98847463,108.8519296
Pose 3,95.45073497,156.7923574,52.18324408,108.9028901
Pose 3,95.06529091,156.3083591,52.31672636,108.9030055
Pose 3,93.8514544,155.1268924,52.51996805,109.0390555
Pose 3,92.59762233,153.6815246,52.58880276,108.7080876
Pose 3,90.67635753,151.3784579,52.9525067,108.664604
Pose 3,87.64141715,148.0264715,54.25358007,107.5114941
Pose 3,86.11949092,146.6213906,54.93729742,107.4584253
Pose 3,85.42816336,146.2932542,55.5770733,107.6751706
Pose 3,85.47706109,146.8946301,55.67357096,108.08149
Pose 3,85.57271879,147.1792726,55.66542857,108.3214761
Pose 3,85.96212706,148.8143941,55.77109271,108.5406921
Pose 3,85.73529152,149.1360299,55.81470518,108.8728917
Pose 3,85.55875738,149.2718027,55.59679487,108.8690683
Pose 3,85.54212524,149.240626,55.44546364,108.7388647
Pose 3,85.57426126,149.1233667,55.29551369,108.5939448
Pose 3,85.52113633,149.040013,55.27531083,108.636936
Pose 3,85.48767496,148.0143324,55.1335636,108.7496129
Pose 3,85.36039253,147.1624609,55.03758028,108.7814088
Pose 3,85.17676365,146.0477863,54.72063087,108.7411964
Pose 3,85.15834625,145.4066715,54.61279623,108.8118253
Pose 3,85.47750141,145.5679107,54.47080163,108.7159099
Pose 3,85.55314316,145.5712524,54.38009052,108.8666441
Pose 3,86.27186767,146.2841184,54.25450522,109.0675061
Pose 3,86.23262271,146.2199985,54.16079294,108.9951595
Pose 3,86.09582817,146.0735662,54.03739594,108.8224548
Pose 3,86.11276412,146.0391642,53.97216448,108.7500758
Pose 3,86.07461451,145.9820036,54.03783288,109.0494961
Pose 3,85.67249953,145.3844435,54.02164921,109.1062432
Pose 3,85.06436895,144.4012601,54.0467256,109.3059989
Pose 4,31.73672094,172.6341387,67.26327367,131.4720519
Pose 4,31.58987438,172.2773558,67.5538855,131.5235819
Pose 4,31.32426884,171.9681265,68.37989718,131.070311
Pose 4,31.10137962,171.9674428,68.97836165,130.8040155
Pose 4,30.95144255,171.9788567,69.8839351,131.3635484
Pose 4,30.84466084,171.9331698,70.43976616,131.6428244
Pose 4,30.63052117,171.9113603,70.67877732,131.1337289
Pose 4,30.47020164,171.9017041,71.65994582,130.8638333
Pose 4,30.34019419,171.8007909,72.40867441,131.6147136
Pose 4,30.30924435,171.8349478,72.93746459,131.4894194
Pose 4,30.17200771,171.6429261,73.67970678,131.6325255
Pose 4,30.05265661,171.5719794,74.27360601,132.0417652
Pose 4,29.98562902,171.6043122,74.55281289,132.3373563
Pose 4,29.86640572,171.4997498,74.9919242,132.7103582
Pose 4,29.64700429,171.4177757,75.62228229,132.1484833
Pose 4,29.47546494,171.2001714,76.04231212,131.5706418
Pose 4,29.33002182,171.3544628,76.31257685,131.5701177
Pose 4,29.27600312,171.442634,76.50705049,131.4938557
Pose 4,29.24449644,171.5882258,77.30507824,132.5044311
Pose 4,29.09973858,171.4986673,77.74555286,133.2000099
Pose 4,28.98752955,171.4984748,78.24019428,133.6803408
Pose 4,28.95358463,171.5066107,78.73147422,134.2753813
Pose 4,28.87614176,171.4915079,78.64533802,134.2699021
Pose 4,28.82362209,171.4872119,78.54033237,134.275065
Pose 4,28.89685651,171.4999022,78.69064573,134.9189679
Pose 4,28.89228322,171.4946871,78.68166855,134.5660394
Pose 4,28.89479832,171.4985655,78.63348216,134.3503792
Pose 4,28.80998044,171.5862685,78.64459374,134.176123
Pose 4,28.74276116,171.6229743,78.64688986,134.1104807
Pose 4,28.7031999,171.6782341,78.6511864,133.944267
Pose 4,28.69508552,171.7773927,78.69100134,133.853659
Pose 4,28.67133144,171.8312253,78.71522218,133.7979788
Pose 4,28.65812498,171.8947244,78.78808477,133.5943328
Pose 4,28.6430113,171.9943,78.79172025,133.5742826
Pose 4,28.49204113,171.9369167,79.07222722,133.6045927
Pose 4,28.32900355,171.9580163,79.19527505,133.4895039
Pose 4,28.1959226,171.8291335,79.16415959,133.4260986
Pose 4,28.13463793,171.8080984,79.08709682,133.2265248
Pose 4,28.06547346,171.7287758,78.92810091,133.0864285
Pose 4,27.98741315,171.6348692,78.7974487,132.9526287
Pose 4,27.84875575,171.5353985,78.85198959,132.9530997
Pose 4,27.82215813,171.51757,78.79579603,132.7591956
Pose 4,27.60155297,171.4654332,78.90499083,133.0620038
Pose 4,27.50915581,171.4619493,78.79206818,132.9462001
Pose 4,27.40162302,171.5662187,78.74267792,132.9577
Pose 4,27.06916071,170.886445,78.97462937,133.1839169
Pose 4,26.96101039,170.7192842,79.22150048,133.1586202
Pose 4,26.85503285,170.7163692,79.73400986,133.5755232
Pose 4,26.70882223,170.528821,80.09224633,134.0920882
Pose 4,26.60919929,170.4273184,80.62658587,134.7019848
Pose 4,26.5969149,170.3925144,81.28074238,135.4864274
Pose 4,26.64051486,170.4309505,81.458722,135.0335269
Pose 4,26.64079928,170.409717,81.57612315,134.7413082
Pose 4,26.59122169,170.3594013,81.83216105,134.8761648
Pose 4,26.60439087,170.3226731,81.98842471,134.8737148
Pose 4,26.58931979,170.2549628,82.25176215,135.2137289
Pose 4,26.53481202,170.1474503,82.26076288,135.1712797
Pose 4,26.54768575,170.123546,82.43168075,135.1754242
Pose 4,26.56299841,170.1848571,82.58548133,135.2405641
Pose 4,26.69177498,170.2931016,82.60886013,135.0898598
Pose 4,26.78091932,170.1622056,82.7211964,135.0082668
Pose 4,26.96998435,170.4773796,82.81527623,135.0587611
Pose 4,27.01947627,170.5642861,82.92950256,135.0200932
Pose 4,27.08905989,170.5949916,82.94358347,135.0256745
Pose 4,27.10017778,170.5768032,82.82654691,134.9711991
Pose 4,27.16955533,170.6346484,82.77760454,134.9123284
Pose 4,27.20270023,170.6290379,82.87678979,135.0940575
Pose 4,27.11309251,170.4486389,82.99647836,135.045307
Pose 4,27.11171575,170.4304544,83.0462829,135.2587145
Pose 4,26.91546329,170.0995151,83.2251047,135.3797159
Pose 4,26.76973541,169.7601386,83.19934821,135.4145054
Pose 4,26.66729623,169.5146604,83.1353766,135.4086676
Pose 4,26.64824964,169.4842533,83.11998626,135.3413242
Pose 4,26.61701218,169.5097554,83.06802702,135.5112816
Pose 4,26.48759979,169.171811,82.81744288,135.3915731
Pose 4,26.44365639,168.9383064,82.72350611,135.3359153
Pose 4,26.51214351,169.0245135,82.47814546,134.992666
Pose 4,26.45484585,168.9702394,82.41084099,134.9699947
Pose 4,26.43338453,168.8790418,82.34981021,134.8916221
Pose 4,26.46061299,168.9083159,82.30738524,134.7663026
Pose 4,26.54369972,168.9843556,82.3074994,134.7111938
Pose 4,26.62882597,169.069644,82.34892595,134.6870786
Pose 4,26.67271022,169.1492394,82.4264835,134.5360869
Pose 4,26.72744728,169.2017223,82.40043948,134.4280877
Pose 4,26.8275187,169.3168468,82.42955522,134.351073
Pose 4,26.87732726,169.3858208,82.46426507,134.2378478
Pose 4,26.93802443,169.5409433,82.51745225,134.1569894
Pose 4,26.97340874,169.5354265,82.63701346,134.1964709
Pose 4,26.98853799,169.5595745,82.69875055,134.1681351
Pose 4,26.93854789,169.5505069,82.7424729,133.8453688
Pose 4,26.90938755,169.6064762,82.73328711,133.6876158
Pose 4,26.89753251,169.6385442,82.84242284,133.7489022
Pose 4,26.86131069,169.6107748,82.85010231,133.6200499
Pose 4,26.86685943,169.6713557,82.87960594,133.4062923
Pose 4,26.80766956,169.640141,82.91827091,133.2969342
Pose 4,26.80615094,169.7017737,83.31956081,132.9429455
Pose 4,26.88099095,169.8310521,83.58131137,132.984779
Pose 4,26.93061806,169.9204326,83.62751443,132.693366
Pose 4,26.96545957,170.0227244,84.09599974,133.1174276
Pose 4,26.99726118,170.0131293,84.13646361,133.211008
Pose 4,27.04612938,170.0717127,84.38786945,133.4253028
Pose 4,27.09698165,170.1095805,84.40347276,133.4156851
Pose 4,27.10697045,170.1680475,84.57989456,133.3856684
Pose 4,27.05191019,170.1377898,84.7131686,133.469241
Pose 4,26.96332476,170.2397445,84.91418938,133.3905284
Pose 4,26.85064383,170.2562296,85.0548303,133.2284296
Pose 4,26.64257148,170.0790235,85.0743747,133.0660984
Pose 4,26.47893517,170.0798887,85.14896119,133.0572975
Pose 4,26.33597393,170.2636109,85.25708146,132.8290155
Pose 4,26.1565762,170.1394861,85.27326076,132.6790267
Pose 4,26.04446502,170.0710512,85.34871193,132.6138407
Pose 4,25.94421988,170.0589744,85.64080731,132.4017443
Pose 4,25.83078947,170.073098,85.76544312,132.1526821
Pose 4,25.7107703,169.9299946,85.83100341,132.0857134
Pose 4,25.67708802,170.0380971,85.94831781,131.9054494
Pose 4,25.64827638,170.0260678,86.01640905,131.9509695
Pose 4,25.60536634,170.0081062,86.19954484,131.8198692
Pose 4,25.56077919,169.9495296,86.25406294,131.7678307
Pose 4,25.55994888,169.9208208,86.25929972,131.774875
Pose 4,25.61039051,169.9567683,86.28186638,131.7169836
Pose 4,25.38396763,169.8485722,86.24072206,131.6959881
Pose 4,25.31776114,169.8110544,86.2549285,131.6749252
Pose 4,25.18237225,169.8020108,86.24273986,131.5655775
Pose 4,25.1986762,169.858474,86.22216037,131.5048967
Pose 4,25.14550434,169.8190765,86.09241256,131.2194914
Pose 4,25.09249212,169.9210996,86.10942234,131.2294752
Pose 4,25.02386193,169.9791758,86.19118019,131.0862908
Pose 4,24.98909599,170.0240177,86.17351786,131.1833681
Pose 4,24.95651807,169.9884707,86.16676002,131.1666935
Pose 4,24.9557572,169.9809985,86.06538233,131.0710423
Pose 4,24.95933881,169.9473737,85.9057399,130.8612374
Pose 4,25.00669524,169.8371808,85.73623893,130.593416
Pose 4,24.99931542,169.8419227,85.74475922,130.6170071
Pose 4,24.971619,169.8023441,85.76066412,130.6177278
Pose 4,24.98626398,169.8534565,85.80232395,130.4690763
Pose 4,24.9724882,169.8639176,85.96353384,130.5554645
Pose 4,24.91470893,169.9244649,85.93488447,130.2597916
Pose 4,24.51951476,169.4409649,77.09754301,116.4059453
Pose 4,24.15648541,168.977341,71.28185238,108.2644541
Pose 4,24.15325466,168.5011558,65.62043577,103.6693504
Pose 4,24.27188587,167.5414305,59.98349933,101.2079587
Pose 4,25.69430497,167.8317551,57.60521049,107.6475935
Pose 4,27.694806,168.3518563,52.93522581,115.4565811
Pose 4,29.71884429,168.8343045,49.26449443,133.2514419
Pose 4,33.691927,168.0483166,43.27267201,178.4954696
Pose 4,33.96823153,166.9013398,42.20173761,172.4071769
Pose 4,33.98350016,165.2979962,40.11007373,168.6924961
Pose 5,24.20292076,165.6376299,143.3668512,155.0436603
Pose 5,23.69904924,165.5088422,144.5524743,155.812965
Pose 5,23.42794998,165.3309781,145.113185,156.3409547
Pose 5,23.12277422,165.5760093,145.2937727,156.4728296
Pose 5,22.55795475,165.0876955,145.7289097,156.6373851
Pose 5,22.06071403,164.5245074,146.0465813,156.8801555
Pose 5,21.56130134,164.05954,146.1161959,157.0203257
Pose 5,21.04701279,163.2614821,146.0887126,156.995439
Pose 5,20.91582876,163.2094898,146.1457379,157.0096773
Pose 5,20.76445497,162.9072222,146.2478911,157.1030372
Pose 5,20.70003878,163.0962391,146.2348329,157.1199075
Pose 5,20.59919899,162.8581926,146.197189,157.1848464
Pose 5,20.56869995,162.8641204,146.2150338,157.1792395
Pose 5,20.50846207,162.8235792,146.1634666,157.1615452
Pose 5,20.4859422,162.8884575,146.0857223,157.0738083
Pose 5,20.44658699,162.8317731,146.0674763,157.1610565
Pose 5,20.41151722,162.7276085,145.9496292,157.0589966
Pose 5,20.3773019,162.6303876,146.0097297,156.6198231
Pose 5,20.36035411,162.5599617,146.0438012,156.3053273
Pose 5,20.35369514,162.7022707,145.9627608,156.205954
Pose 5,20.26345631,162.6671707,146.149765,156.4258065
Pose 5,20.20954128,162.6886313,146.1421355,156.5192316
Pose 5,20.15119188,162.7893813,146.1907355,156.5481899
Pose 5,20.09316349,162.853968,146.2256061,156.7404649
Pose 5,19.97185179,162.6429271,145.9903124,157.2152174
Pose 5,19.81267686,162.3872466,146.0117974,158.065644
Pose 5,19.80224987,162.2393637,145.5068929,158.4780263
Pose 5,19.73118146,161.7648593,145.6263409,159.1464849
Pose 5,19.68942589,161.4311827,145.3178285,159.7896335
Pose 5,19.77402463,161.1081342,145.3237051,160.7132473
Pose 5,19.94203941,161.1427358,145.2355049,161.1329336
Pose 5,20.03485538,161.1169122,144.8250509,161.4727342
Pose 5,20.0686851,161.1440018,144.8228036,161.8820081
Pose 5,20.12917503,161.2311775,144.8634127,162.7496252
Pose 5,20.04073859,161.1580432,144.7939463,163.0206123
Pose 5,19.87668772,161.0731881,145.0941057,163.8659425
Pose 5,19.76227833,161.0538824,144.9641446,164.0602
Pose 5,19.53179812,160.8701595,144.8065307,164.1382149
Pose 5,19.32632894,160.6985574,144.7322501,164.3808925
Pose 5,19.23547132,160.6980591,144.7448749,164.725316
Pose 5,18.84724622,160.1581799,144.6082446,164.8930422
Pose 5,18.69504204,160.0727206,144.7783654,165.6938077
Pose 5,18.53962038,160.2190011,145.2666765,166.7904659
Pose 5,18.39921561,160.1480674,144.9461251,166.7096029
Pose 5,18.31898487,160.1233374,144.7323588,166.6604834
Pose 5,18.33781025,160.5159697,144.9775536,167.0232743
Pose 5,18.34118897,160.7339164,145.0462961,167.1024234
Pose 5,18.30938213,160.7507615,144.9724845,167.1283691
Pose 5,18.26806458,160.8745161,144.9472094,166.9436305
Pose 5,18.10595436,160.7553358,145.1000041,166.6032096
Pose 5,18.17340246,160.6414459,145.0500296,166.0632253
Pose 5,18.27323272,160.6532881,145.0768051,165.7808962
Pose 5,18.2301748,160.6290052,145.0693745,165.4591976
Pose 5,18.86038732,161.1183283,144.8272257,165.0703106
Pose 5,19.59316344,161.9692813,144.5709506,164.7364612
Pose 5,19.99077967,162.148936,143.6883763,163.6347706
Pose 5,22.32794844,164.6396284,143.0241258,162.885375
Pose 5,23.14035302,165.3310084,142.4452491,162.1526315
Pose 5,23.69580634,166.2004062,142.0989975,161.7629769
Pose 5,23.8714333,166.6813555,141.9502862,161.3869981
Pose 5,24.24505863,167.2965533,141.4087426,160.7364782
Pose 5,25.21245907,168.4408629,141.0104875,159.8188454
Pose 5,25.32032264,168.4301859,140.6514006,158.9152559
Pose 5,25.64972468,169.1194919,140.100236,158.0376406
Pose 5,25.89114991,169.5346766,139.8125543,157.3949154
Pose 5,26.17613249,169.9557746,139.6501371,156.9818149
Pose 5,26.32818197,170.2580992,139.2409334,156.2497938
Pose 5,26.39203446,170.3938475,138.9132331,155.7034007
Pose 5,26.21135723,170.3530025,138.3182204,155.0081746
Pose 5,26.04548388,170.3236797,137.6904212,154.1517946
Pose 5,25.91525516,170.2410243,136.9786722,153.1843033
Pose 5,25.73963719,170.2045783,136.3696146,152.5078524
Pose 5,25.63841012,170.4258551,135.6882609,151.6245254
Pose 5,25.4372533,170.6938352,134.2950176,149.547068
Pose 5,25.29063657,170.8749683,133.4696453,148.3226848
Pose 5,25.43370063,171.3052978,132.3947239,146.7553772
Pose 5,25.64308728,171.7269106,132.0205174,146.0327863
Pose 5,25.73470502,171.8595021,130.7736129,144.2762498
Pose 5,25.65280684,171.5443222,130.0475207,143.0537936
Pose 5,25.59469432,171.5230356,129.8475614,142.5118762
Pose 5,25.71381031,171.6180549,129.4621202,141.7073486
Pose 5,25.71936814,171.6089099,129.048577,140.8475156
Pose 5,26.19316307,171.8740883,128.5524713,140.3347141
Pose 5,26.42481135,171.8857584,127.8640669,139.5874604
Pose 5,26.61792493,172.0354721,127.193197,138.7661058
Pose 5,26.82837717,172.0504732,126.8427835,138.2403861
Pose 5,27.16147161,172.3632787,126.7667039,138.1282324
Pose 5,27.3119642,172.4084657,126.3664802,137.5688679
Pose 5,27.453208,172.6750492,126.1656234,137.2465121
Pose 5,27.57765681,172.880218,126.037211,137.1320328
Pose 5,27.6117806,172.828442,126.0611942,137.1417778
Pose 5,27.58226292,172.7892887,125.9862329,137.1012773
Pose 5,27.62997448,172.8357358,125.9023247,137.0545724
Pose 5,27.62443347,172.8062601,125.9172445,137.1646156
Pose 5,27.62015132,172.7580722,125.8505129,137.1022766
Pose 5,27.62102751,172.9716511,126.1612551,137.8767668
Pose 5,27.05774908,172.5148146,126.8627125,138.805615
Pose 5,26.6382364,172.0796757,127.4228158,139.6765348
Pose 5,26.1148351,171.5009975,127.7715469,140.3055976
Pose 5,25.84537015,171.1896279,127.945877,140.5988505
Pose 5,25.74408891,170.9652457,128.3447095,141.4030382
Pose 5,25.62813588,171.0357916,129.1987103,142.4451195
Pose 5,25.35041455,170.9654916,129.8670097,143.5144073
Pose 5,24.78838848,170.4919437,130.5287896,144.5999074
Pose 5,24.04129186,169.4695272,131.2714888,145.8534741
Pose 5,23.29475855,168.5445349,132.1669268,147.1162452
Pose 5,23.08803156,168.7540701,133.2348937,148.4903316
Pose 5,22.65740598,168.0990548,133.9881027,149.502868
Pose 5,22.07271498,167.442031,134.5284412,150.5596237
Pose 5,20.88512606,165.9916113,137.0714122,154.3562947
Pose 5,20.28852614,165.0573063,137.7435204,155.609751
Pose 5,19.90057062,164.2549284,138.5957525,156.9312889
Pose 5,19.80909023,163.4773904,139.2847248,157.8043
Pose 5,19.81430039,163.0888058,140.4311323,159.3065288
Pose 5,19.54060885,162.2652152,141.101072,160.0137684
Pose 5,19.31276109,162.2673115,141.4178868,160.3872608
Pose 5,18.9225186,161.8154287,143.1719798,162.5830288
Pose 5,18.81673881,161.8001224,144.0221109,163.6082729
Pose 5,18.72820759,161.845385,144.5629002,164.6421871
Pose 5,18.36201315,161.2599769,144.8041601,165.1238562
Pose 5,18.32871984,161.06601,145.4242797,166.3601492
Pose 5,18.50651888,161.2866421,145.9959122,167.4804897
Pose 5,18.71285722,161.5295976,146.1276279,167.9830573
Pose 5,17.93567201,160.8012093,146.8637035,168.9725101
Pose 5,17.65170163,160.372596,147.8240964,170.3388111
Pose 5,17.49437675,159.9280129,148.214064,170.4518903
Pose 5,17.05497634,159.3804713,148.9229974,170.9117848
Pose 5,16.87419155,158.9226947,149.5169626,171.2754889
Pose 5,16.81331308,158.7343251,150.0663195,171.3300154
Pose 5,16.81362973,158.6149235,150.3124549,170.9588939
Pose 5,16.28551981,159.6798476,150.6127502,170.0354711
Pose 5,15.71810048,160.4284212,150.8197349,169.5982331
Pose 5,14.93277208,160.7487304,151.2540593,169.9621035
Pose 5,14.462982,161.3402882,151.39323,169.9168419
Pose 5,13.54749763,161.0123986,151.3208933,169.8938911
Pose 5,12.39631845,159.9890122,151.800956,169.9530939
Pose 5,11.93116886,159.7573569,151.8601781,169.7797409
Pose 5,11.91363409,159.7517184,151.8319555,169.5249101
Pose 5,12.05874685,159.753795,151.9446564,169.4423176
Pose 5,12.1164251,159.6656821,152.0378777,169.6222829
Pose 5,12.9311371,160.3957313,152.0852222,169.7411928
Pose 5,14.03564919,160.396834,152.0125359,169.5761666
Pose 5,15.0788209,160.2163539,151.8734088,169.2683481
Pose 5,16.57639401,160.7107805,151.6428257,168.7920763
Pose 5,17.71324732,160.7588198,151.6927203,168.8011907
Pose 5,18.20025838,160.3945161,151.6605022,168.6898269
Pose 5,18.62616455,159.7304107,151.8406519,168.6342658
Pose 5,21.02569525,159.3822795,152.001559,168.6909387
Pose 5,22.8620009,160.4070294,152.1638131,168.7194285
Pose 5,24.24005823,161.2488439,152.5335165,168.8476966
Pose 5,24.89159339,161.3106745,152.8627765,169.1495498
Pose 5,25.61543651,160.4983915,153.2211073,169.4570369
Pose 5,25.6604365,159.6995302,153.4477469,169.5423141
Pose 5,26.10896278,160.1007667,153.8873765,169.4760596
Pose 5,26.24943039,160.0917936,154.4810891,170.0036592
Pose 5,26.04008096,160.1630287,154.7114219,170.0392479
Pose 5,25.93128448,160.4030048,155.1794824,170.5051867
Pose 5,25.76485505,160.3029139,155.4593086,170.6959955
Pose 5,25.67254296,160.2487705,155.6799352,170.6909629
Pose 5,25.61266721,160.3978951,155.7992657,170.9420231
Pose 5,25.35046326,160.5027888,155.8428402,171.3579986
Pose 5,25.11623396,160.5723863,155.4978886,171.2973783
Pose 5,24.93652514,160.5947022,155.1062041,170.965822
Pose 5,24.81954155,160.8231869,154.6958381,170.7328817
Pose 5,24.59856551,160.6145152,154.0680271,170.3786039
Pose 5,24.39548766,160.6786582,153.0480813,169.5353206
Pose 5,24.04676842,161.2774598,151.1782639,168.2359772
Pose 5,23.66591169,161.6031069,149.4341551,166.739988
Pose 5,23.4640567,161.6619325,148.3237395,165.7439619
Pose 5,23.11724121,161.8265728,147.4900425,164.9331132
Pose 5,22.80068367,161.8235658,146.7755309,164.3903625
Pose 5,22.70811505,162.0662361,146.4182354,164.1481747
Pose 5,22.48167475,162.2125753,145.2711322,163.0844945
Pose 5,22.38468985,162.408085,145.041282,162.6486115
Pose 5,22.30186739,162.4582722,144.5152853,161.9671247
Pose 5,22.18361372,162.5448384,144.3636519,161.654097
Pose 5,22.07332788,162.5297939,144.3094923,161.5599877
Pose 5,21.89368972,162.3474122,143.7149352,161.0625671
Pose 5,21.8492985,162.2298167,142.7117316,160.1430229
Pose 5,21.80520986,162.1572902,142.0641314,159.6967047
Pose 5,21.80357259,162.2061965,142.0503312,159.7750761
Pose 5,21.66325922,162.3239369,141.8089582,159.5690463
Pose 5,21.53800732,162.1440311,141.4741598,158.7822377
Pose 5,21.3519195,161.8950277,141.1183651,157.9639243
Pose 5,21.34327757,161.9073646,140.4430786,157.060067
Pose 5,21.59462632,162.0735342,140.4936289,157.4159982
Pose 5,21.71887934,162.1827905,140.6492752,157.5543913
Pose 5,21.80144812,162.3629421,141.092521,158.119609
Pose 5,21.88052391,162.4743755,141.49907,158.8839532
Pose 5,21.94505474,162.573974,141.7324384,159.2742713
Pose 5,22.06528434,162.7560594,142.0536755,159.6613176
Pose 5,22.07355495,162.7755276,142.8766217,160.4472582
Pose 5,22.02469046,162.7080518,143.353739,160.6427421
Pose 5,21.90674699,162.5370829,144.2783046,160.9343762
Pose 5,21.85774026,162.6847267,143.7440717,159.4974568
Pose 5,21.79972633,162.6926015,143.2896441,158.1749923
Pose 5,21.73821777,162.7692774,142.5329878,156.3819624
Pose 5,21.6752101,162.7905044,142.1061469,155.1011276
Pose 5,21.62120552,162.7440876,141.9244911,154.0239281
Pose 5,21.44053709,162.3914444,141.604355,153.3101832
Pose 5,21.31186044,162.4697572,141.2459066,153.1593221
Pose 5,20.98854612,162.086021,141.3595759,153.8771494
Pose 5,20.79439427,162.0444805,141.2826198,154.2347265
Pose 5,20.67294908,162.0094528,141.2930555,154.3782846
Pose 5,20.38759631,161.5576869,141.0798698,154.4500669
Pose 5,20.34112614,161.959628,140.146112,154.294809
Pose 5,20.33994702,162.2543839,139.7286136,154.1339474
Pose 5,20.32058417,162.4917208,139.0245966,153.2403586
Pose 5,20.36290443,162.7171292,138.6036768,152.7817336
Pose 5,20.54857644,163.3334191,138.0788871,152.023901
Pose 5,20.87692701,163.9963652,137.320491,150.9957865
Pose 5,21.34566363,164.744166,136.7485583,150.8628456
Pose 5,21.66637921,165.1849782,136.0087704,150.3898488
Pose 5,21.7305926,165.1954284,135.5700564,150.240307
Pose 5,21.88841618,165.1806161,135.1493075,149.7600521
Pose 5,21.8980719,165.3680093,134.9977103,149.8489048
Pose 5,22.05386792,165.5539706,134.8241214,149.7984028
Pose 5,22.16001508,165.61991,134.6826463,149.8057797
Pose 5,22.07854928,165.5909899,134.8052066,150.3129459
Pose 5,22.06057163,165.5639856,134.9774471,150.9261818
Pose 5,21.99743301,165.5275068,135.547889,152.3122355
Pose 5,21.85718454,165.2910174,136.3005031,153.8665575
Pose 5,21.82917901,165.194025,137.4178866,156.1584765
Pose 5,21.74787805,164.9077891,138.6760082,159.6189337
Pose 5,21.79652137,165.0008337,139.2846777,161.449928
Pose 5,21.76462045,164.9935245,139.755062,162.6853807
Pose 5,21.75732527,165.0877927,140.2866229,163.9337788
Pose 5,21.83704955,165.2382987,140.6070496,164.5294389
Pose 5,21.82877074,165.2035545,141.2075511,165.2422604
Pose 5,21.82101991,164.9992134,141.4087916,165.2322042
Pose 5,21.89547354,164.9647966,141.557503,164.976084
Pose 5,21.78921166,164.7511008,141.5944833,164.5289155
Pose 5,21.72963954,164.651275,141.4755766,164.1145686
Pose 5,21.64262438,164.5142647,141.3253186,163.7559547
Pose 5,21.77610109,164.8274014,141.1681767,163.3335192
Pose 5,21.90925723,164.9141929,141.068631,162.9789759
Pose 5,22.94534847,166.6399445,140.5350436,161.7509923
Pose 5,23.42153795,167.2686938,140.2484763,161.2273297
Pose 5,23.98723672,168.2191207,139.9864543,160.6388108
Pose 5,25.04308141,168.892893,139.0469442,159.3976492
Pose 5,25.52865968,168.1529656,138.9242904,158.2971331
Pose 5,25.42435613,167.735898,138.8936781,157.3817985
Pose 5,25.20981513,167.6104077,138.6943091,156.6833014
Pose 5,25.73998172,168.6964439,139.2601122,156.2353752
Pose 5,26.41882782,169.0884311,139.4125305,155.5918131
Pose 5,29.2881883,170.4034416,136.7428342,150.2613972
Pose 5,29.1543402,169.272605,135.3978498,147.8568142
Pose 5,28.61819404,168.3333249,133.4738923,144.6684271
Pose 5,28.3206338,167.318876,132.3937728,144.2426605
Pose 5,28.28343741,167.4113031,131.6729324,144.7223778
Pose 5,28.50755488,168.0024377,131.251248,145.0875196
Pose 5,29.05976996,167.9736887,131.3246799,145.1455083
Pose 5,28.56789438,168.2681121,132.210583,145.2685736
Pose 5,26.76265546,168.2342875,131.667437,144.1540925
Pose 5,26.86382925,169.4461912,132.5507713,145.2555148
Pose 6,29.86667748,173.2010004,141.9795595,169.7438675
Pose 6,29.21901076,176.2578822,143.9221403,171.0965142
Pose 6,29.52050624,176.5242316,144.5751449,171.3468944
Pose 6,29.2731633,176.6980328,143.754433,170.6405227
Pose 6,29.27996591,177.3726454,142.2785732,169.0328304
Pose 6,29.6891053,177.1889399,142.2907512,168.8317748
Pose 6,29.56342197,177.2622804,142.2359675,168.6476447
Pose 6,29.70751971,176.7549058,142.9361996,169.8860627
Pose 6,29.5390656,176.7731628,143.1676124,169.8846209
Pose 6,29.32399721,176.728568,142.9995193,169.8522276
Pose 6,29.07147021,176.8724895,142.4517993,169.4027659
Pose 6,30.15535056,176.2689462,139.7263188,168.0325995
Pose 6,29.81004817,176.1134141,139.8592635,167.8714981
Pose 6,29.60349267,176.0740842,139.8904082,167.7913238
Pose 6,29.32109694,176.1867129,140.3938256,167.9944095
Pose 6,29.49971147,176.1927712,140.6360869,167.9224362
Pose 6,29.72640962,175.8874071,140.143936,167.3625062
Pose 6,30.03943875,175.9594673,140.2582922,167.3266485
Pose 6,30.38965732,175.2367576,141.8058845,167.1415979
Pose 6,30.50343894,175.0119146,144.1384581,168.7901772
Pose 6,30.43208744,175.795396,146.3648449,169.9585914
Pose 6,33.8841418,173.2405237,144.4683793,168.5342542
Pose 6,36.2613847,170.5182191,142.1359246,165.5284569
Pose 6,37.20748148,169.2919039,141.1118636,164.1413865
Pose 6,37.23053043,169.2658262,139.8988582,162.4521052
Pose 6,37.54638817,169.1842023,137.4222659,159.759931
Pose 6,37.54751165,169.5685305,134.9072684,156.7466464
Pose 6,38.13220822,169.5996847,134.2438649,155.2202269
Pose 6,38.2454515,171.7009741,137.2238887,155.0100946
Pose 6,38.61661473,172.6724526,132.8925076,151.5158319
Pose 6,36.96869265,173.9731478,136.9439563,154.6016562
Pose 6,36.65920966,174.3200105,137.1342909,154.8630865
Pose 6,37.4052727,173.2353263,135.3662095,153.2603273
Pose 6,37.82783718,173.4432832,134.1710674,153.0037918
Pose 6,38.39753432,173.0139193,134.1997428,152.7333716
Pose 6,38.70236003,172.8149899,133.2963154,151.7839146
Pose 6,40.32361926,171.1691245,132.7225575,151.7413665
Pose 6,40.46018034,171.6222147,128.3247489,149.5135308
Pose 6,40.9380135,171.2376624,126.710821,149.3318244
Pose 6,41.08706572,171.1155723,126.8016403,149.7096626
Pose 6,40.83598163,171.7073151,127.4377062,150.3901071
Pose 6,40.22672644,172.1143087,129.8140987,152.0275955
Pose 6,40.32472269,172.5715029,129.9776875,152.1046798
Pose 6,40.04950446,172.9186626,129.8427272,152.1371994
Pose 6,39.7459462,173.5676549,129.7433397,152.4976634
Pose 6,40.28289113,173.4292967,128.3006127,151.9774351
Pose 6,40.77082463,173.2777475,127.7594683,151.912302
Pose 6,40.01154606,173.7221198,127.6821809,152.3934865
Pose 6,39.02788732,174.379882,127.573965,152.4427615
Pose 6,38.44987514,175.0215578,128.5945283,153.6311813
Pose 6,38.13476742,175.2846265,129.2967502,154.1884077
Pose 6,37.44394562,176.0823648,130.3595305,155.2941725
Pose 6,37.12099975,176.2802193,132.0007859,157.095182
Pose 6,36.99562883,175.4519604,134.0233579,157.8539534
Pose 6,36.76848525,174.7341785,136.0958995,159.170997
Pose 6,36.68357859,173.0210539,137.7831231,163.2349109
Pose 6,35.54156197,174.234335,139.5919443,165.7912296
Pose 6,34.80511334,173.4921584,138.1089804,165.6098505
Pose 6,34.87426847,171.9743903,138.511383,165.8068048
Pose 6,33.21995956,172.2930496,139.2840866,166.1418069
Pose 6,32.5876988,172.5675445,139.8246618,166.7695281
Pose 6,32.47811747,172.1334301,140.320737,167.2037241
Pose 6,31.94827967,171.1174681,138.9853787,166.8231552
Pose 6,24.23118407,171.5202519,138.416858,167.9933988
Pose 6,22.31745815,172.5244778,137.9433771,168.3507916
Pose 6,19.50827233,171.3345961,137.3692504,168.0926274
Pose 6,17.7434611,164.8118657,136.6433599,168.2246191
Pose 6,14.81632941,166.8833226,134.1949701,167.2519583
Pose 6,11.59032487,168.3910779,132.4980962,166.4809982
Pose 6,7.108721962,169.6036974,133.018784,166.8913168
Pose 6,0.249017777,178.4302024,133.5316759,169.5329386
Pose 6,3.182839803,179.7549404,133.8785821,169.2579611
Pose 6,1.530875788,167.136739,134.05946,169.7045256
Pose 6,2.341071394,164.3467174,133.0358896,168.616225
Pose 6,3.142721723,163.865777,132.4436865,168.4620608
Pose 6,3.075753397,166.5739353,132.544473,168.278389
Pose 6,4.041897428,164.7437162,133.6958087,169.4324873
Pose 6,4.515225107,166.5517422,133.6990966,168.9498412
Pose 6,1.751116552,173.6491457,132.4967222,167.0704831
Pose 6,0.443061145,176.9173114,132.2391655,166.8012449
Pose 6,4.206781166,169.6326834,132.876641,167.0897519
Pose 6,6.371686805,167.3009424,134.7106031,167.8656555
Pose 6,5.090250513,170.8259624,133.5207917,166.0030894
Pose 6,19.10198564,166.9374238,135.0025898,165.162421
Pose 6,21.12315942,169.6142933,134.3307197,163.3754114
Pose 6,22.06581823,169.650767,136.0138256,164.417853
Pose 6,21.94877505,171.351817,136.6125876,163.9403341
Pose 6,23.61322036,168.6371934,138.1677581,164.9257392
Pose 6,23.24380126,168.2971993,137.7594442,163.6698471
Pose 6,24.0220246,168.4737207,137.7520495,163.5134512
Pose 6,24.80448591,168.6772317,137.2087777,162.1443204
Pose 6,26.11508923,167.8479907,137.3547579,161.4946209
Pose 6,26.74213077,167.0443436,137.0086738,160.7319794
Pose 6,26.50791186,167.9135294,137.8341853,161.0206677
Pose 6,27.73548289,169.1674167,138.9116924,162.2911441
Pose 6,28.02121746,170.4543851,138.823424,162.766005
Pose 6,27.96426405,170.8999772,137.9585248,162.9588777
Pose 6,28.23403792,172.5497449,137.462307,162.9554594
Pose 6,28.79977215,173.5081596,136.9692393,162.3094901
Pose 6,29.39527751,174.6172349,137.1817204,162.998897
Pose 6,31.72520814,173.3217106,135.9981317,161.811275
Pose 6,32.08218137,173.9630188,135.1368448,161.2685879
Pose 6,32.96740937,173.9714688,132.9948349,159.0164972
Pose 6,33.32950186,174.1704529,130.8842972,157.2299255
Pose 6,33.14856823,174.5268578,131.0207524,157.4671614
Pose 6,33.21177659,174.314368,130.2221533,156.9968098
Pose 6,34.01961143,173.5032224,129.4555589,157.3600966
Pose 6,34.67823602,172.9561826,128.0902352,156.495331
Pose 6,35.24490388,172.7607519,122.7932764,156.8344926
Pose 6,36.67417166,170.4382761,119.2366255,155.6908916
Pose 6,36.49237435,170.6255191,119.9421866,157.955773
Pose 6,36.17181836,171.334261,119.305428,158.1327072
Pose 6,37.10889251,169.7663126,119.2259892,158.4258855
Pose 6,37.87580753,169.398799,119.7420073,160.1246911
Pose 6,38.09791535,169.6754609,119.2484208,159.6997725
Pose 6,38.10737712,169.764874,119.2100492,159.0965332
Pose 6,38.32641294,169.7761007,118.6442642,158.9739179
Pose 6,38.1898937,169.9666213,117.9086662,158.8078392
Pose 6,38.14524044,170.376563,116.3753888,158.7789182
Pose 6,39.19093105,168.6657221,113.6211445,157.4856153
Pose 6,39.0200804,168.9548995,114.5321357,157.3934377
Pose 6,38.69041925,168.6094404,114.2317222,157.6993484
Pose 6,38.0604493,169.1943667,114.8792163,158.335521
Pose 6,37.39109757,169.7919232,115.5570994,158.5240508
Pose 6,36.10894629,171.1193144,119.0995086,162.6108824
Pose 6,35.53622411,171.3249547,121.8389996,164.8721484
Pose 6,35.01850867,171.9601881,122.8413893,164.9204584
Pose 6,34.06155513,173.3033978,123.8031421,164.3093323
Pose 6,33.79276889,173.186054,124.6672881,164.5795769
Pose 6,33.59037342,173.162344,125.2113531,165.3182377
Pose 6,33.40799994,173.2995479,124.9987638,164.8283769
Pose 6,33.23080023,173.0496648,126.0403487,166.3091963
Pose 6,32.79313989,173.6770504,125.2535669,165.4525526
Pose 6,32.45203918,173.9318682,125.5421592,165.4401122
Pose 6,32.87815785,173.4088892,124.4350014,165.1616917
Pose 6,32.33722353,172.0734255,125.012727,165.1721126
Pose 6,31.67574244,168.9788985,124.5914673,164.8929604
Pose 6,30.13662052,166.3140292,125.390514,165.9428313
Pose 6,26.53264297,170.3986376,124.9882777,167.1455938
Pose 6,21.69154553,170.8052459,123.1232266,166.9762318
Pose 6,15.36171359,168.7614165,122.0854147,168.4125026
Pose 6,10.21919932,166.9115757,128.1205313,179.4494352
Pose 6,1.176868529,179.7221557,122.9300751,173.5358192
Pose 6,1.499332208,164.0413597,120.0861117,171.4536583
Pose 6,2.543584317,174.6060261,117.2078463,168.8606506
Pose 6,5.136078403,178.4823866,117.4067252,169.181191
Pose 6,4.516276063,179.2514568,120.841566,174.0206576
Pose 6,4.70672885,179.309398,122.6063696,176.281498
Pose 6,3.728723098,179.0992606,124.0543175,177.9995862
Pose 6,5.874079796,175.6503502,123.8896687,177.4530301
Pose 6,2.379547768,176.3374534,125.0135366,175.0645661
Pose 6,0.735481119,174.0523679,125.1998139,175.0534909
Pose 6,0.081077788,171.4707153,125.4735787,176.4595977
Pose 6,0.209427371,168.3286854,126.0505726,176.8515715
Pose 6,4.079462796,178.4315579,125.823876,177.1693049
Pose 6,3.051346609,175.4249899,125.3293523,176.9296343
Pose 6,2.04656143,173.2513552,124.4336661,176.4187027
Pose 6,1.4500045,171.2326433,124.5445123,173.9165404
Pose 6,0.782718936,170.5359305,123.7368154,174.7441176
Pose 6,0.626731693,170.2473123,121.1395884,172.707634
Pose 6,5.325879845,179.6028588,118.9975043,167.0415407
Pose 6,1.992631681,174.6657596,115.5703457,162.647339
Pose 6,0.290590581,170.578884,113.5890563,163.0640103
Pose 6,2.058096379,173.5085153,112.3048676,162.2658911
Pose 6,0.60123786,170.7945819,112.3752679,163.8478885
Pose 6,0.344664003,174.2091387,109.8245584,158.792237
Pose 6,10.84085188,166.6332231,110.5425162,156.4990312
Pose 6,16.9247618,165.9203403,112.5595707,154.4269121
Pose 6,21.81534373,167.8921926,115.005098,154.8404127
Pose 6,25.55337275,167.1338936,115.4309251,155.3437789
Pose 6,30.92089464,168.9963778,116.7559613,155.4791587
Pose 6,32.7578273,168.9400291,118.0150534,157.7183213
Pose 6,33.03392655,169.9013343,117.9839524,158.9076613
Pose 6,33.80895057,171.0009444,116.8580905,158.1658878
Pose 6,35.16945815,169.4741312,114.0532117,155.3449484
Pose 6,36.96712784,167.6603237,113.2954969,155.1066698
Pose 6,38.40680504,166.4859084,112.5967544,154.0626402
Pose 6,38.98721988,166.4636645,113.639999,154.6992355
Pose 6,39.2151946,166.7320452,113.184867,154.7947987
Pose 6,39.15500361,166.4508621,111.8269101,154.5064608
Pose 6,38.87898317,166.2286071,111.3725745,154.0541894
Pose 6,39.12684456,165.6946205,111.469122,153.8952077
Pose 6,38.52117964,166.3116189,110.2039433,153.2219951
Pose 6,38.08892287,166.7441727,110.4824142,152.1164064
Pose 6,37.82739858,166.7872777,110.0940107,153.2068893
Pose 6,37.50381628,167.1170211,109.2513066,153.0904948
Pose 6,37.3505117,167.3761599,108.7773384,153.1553444
Pose 6,36.53325822,168.8400585,109.2933931,153.7430799
Pose 6,35.97087165,169.8237623,109.5982028,154.1661947
Pose 6,35.39934281,170.6684768,110.0251908,154.1195056
Pose 6,34.60843549,171.6424672,111.4252821,154.6348497
Pose 6,34.42926715,171.3410402,111.9990173,155.3817622
Pose 6,33.72565943,171.6612072,112.1613674,155.8212418
Pose 6,33.171804,171.3638672,112.3863869,156.0150022
Pose 6,32.5586851,171.4263016,112.3334343,155.8349732
Pose 6,31.08130984,172.4270396,113.3066981,155.5522292
Pose 6,30.9045275,172.5023933,112.9434244,155.3974939
Pose 6,30.86076968,172.3644684,112.9943188,155.9322424
Pose 6,30.7787588,172.2867643,112.5835044,155.7833633
Pose 6,30.73920349,172.3078199,113.2127316,156.0835806
Pose 6,30.55475547,172.9856717,114.0682823,156.9182171
Pose 6,30.59766327,172.9309392,113.9229629,156.8416101
Pose 6,30.59178103,173.1233784,113.8743691,156.4149134
Pose 6,30.24013009,171.4128391,113.4370628,156.0187949
Pose 6,30.16474259,169.0779077,112.4632792,155.3901372
Pose 6,29.62063773,165.5156201,111.0707076,154.3452897
Pose 6,26.43380655,163.5444908,109.1365021,153.8525268
Pose 6,19.01953587,157.7932012,103.3676173,151.8633148
